<?xml version='1.0' encoding='UTF-8'?>

<!-- =========== FULL CONFIGURATION FILE ================================== -->

<faces-config version="2.2"
              xmlns="http://xmlns.jcp.org/xml/ns/javaee" 
              xmlns:xsi="http://www.w3.org/2001/XMLSchema-instance" 
              xsi:schemaLocation="http://xmlns.jcp.org/xml/ns/javaee http://xmlns.jcp.org/xml/ns/javaee/web-facesconfig_2_2.xsd">
    <navigation-rule>
        <from-view-id>/chapter03/navigation1.xhtml</from-view-id>
        <navigation-case>
            <from-outcome>PAGE_2</from-outcome>
            <to-view-id>/chapter03/navigation2.xhtml</to-view-id>
        </navigation-case>
    </navigation-rule>
    
    <navigation-rule>
        <from-view-id>/chapter03/navigation2.xhtml</from-view-id>
        <navigation-case>
            <from-outcome>PAGE_1</from-outcome>
            <to-view-id>/chapter03/navigation1.xhtml</to-view-id>
        </navigation-case>
    </navigation-rule>
    
    <navigation-rule>
        <from-view-id>*</from-view-id>
        <navigation-case>
            <from-outcome>ADD_SUBSCRIBER</from-outcome>
            <to-view-id>/chapter04/example04_01.xhtml</to-view-id>
        </navigation-case>
    </navigation-rule>
    
    <navigation-rule>
        <from-view-id>/chapter04/example04_01.xhtml</from-view-id>
        <navigation-case>
            <from-outcome>SUBSCRIBE</from-outcome>
            <to-view-id>/chapter04/example04_01.xhtml</to-view-id>
        </navigation-case>
    </navigation-rule>
    
    <navigation-rule>
        <navigation-case>
            <from-action>#{navigationController.login}</from-action>
            <if>#{navigationController.authenticated}</if>
            <to-view-id>/chapter03/navigation4.xhtml</to-view-id>
            <redirect/>
        </navigation-case>
    </navigation-rule>
    
    
    <application>
 
    	<!--system-event-listener>
		<system-event-listener-class>
			org.javaserverfaces.chapter06.BookstoreAppListener
		</system-event-listener-class>
		<system-event-class>
			javax.faces.event.PostConstructApplicationEvent
		</system-event-class>    					
    	</system-event-listener> 	 
 
        <system-event-listener>
                <system-event-listener-class>
                        org.javaserverfaces.chapter06.BookstoreAppListener
                </system-event-listener-class>
                <system-event-class>
                        javax.faces.event.PreDestroyApplicationEvent
                </system-event-class>    					
        </system-event-listener--> 	 
 
    </application>
    
    <multi-templates>
        <mappings>
            <view pattern="" templates="lunar_eclipse"/>
        </mappings>
        <templates>
            <template id="lunar_eclipse" href="/resources/lunar_eclipse"/>
            <template id="lookat" href="/resources/lookat"/>
        </templates>
    </multi-templates>
    
    <!--flow-definition>
    </flow-definition-->
    
</faces-config>
